pair_id,trial_id,order,displayed_A_side,displayed_B_side,displayed_A_run_id,displayed_B_run_id,choice_displayed,chosen_side,chosen_run_id,chosen_condition,chosen_feature_set,model,llm_tokens_used,confidence,reason,raw_response,parsed_via,prompt_path
pair_01,original_trial_01,original,right,left,B_F2_seed020,A_F2_seed020,B,left,A_F2_seed020,A,F2,claude-sonnet-4-5,2483,,,"```json
{""choice"":""B"",""confidence"":0.68,""reason"":""Option B shows better separation between meaningful conflict patterns. It isolates unknown-location high-fatality events (Cluster 5, mean=35.9) as a distinct category, which is analytically useful for data quality assessment and represents a coherent pattern of major strikes with missing geolocation. Option A disperses these events less coherently (Cluster 1 with Poltava oblast label but 'nan' locations). Option B's Cluster 7 also captures a more interpretable geographic grouping of southern/border regions (Mykolayiv, Odessa, Chernihiv, Sumy) versus Option A's less coherent Cluster 7. The core regional clusters (Donetsk, Kherson, Kharkiv, Luhansk, Zaporizhzhya) are similar in both, but Option",regex_fallback,
pair_01,swapped_trial_01,swapped,left,right,A_F2_seed020,B_F2_seed020,B,right,B_F2_seed020,B,F2,claude-sonnet-4-5,2472,,,"```json
{""choice"":""B"",""confidence"":0.68,""reason"":""Option B shows better cluster separation and interpretability. Cluster 1 in B captures high-fatality events with unknown locations (mean 48.4), creating a meaningful distinct category. Cluster 7 in B focuses on northern oblasts (Sumy/Chernihiv/Kyiv) with coherent geography, while A's Cluster 7 mixes diverse oblasts (Mykolayiv dominant but examples from Chernihiv, Odessa, Sumy) reducing interpretability. B's Cluster 2 is larger (258 vs 205) suggesting better capture of Kherson events. The civilian cluster (5 in B, 6 in A) is identical. Overall, B demonstrates clearer thematic and geographic separation.""}
```",regex_fallback,
pair_02,original_trial_01,original,right,left,B_F2_seed003,A_F2_seed003,B,left,A_F2_seed003,A,F2,claude-sonnet-4-5,2388,,,"```json
{""choice"":""B"",""confidence"":0.68,""reason"":""Option B places the small civilian-targeted cluster (n=11) at the end, which better separates it conceptually from the larger military engagement clusters. This ordering slightly improves interpretability by grouping the main conflict zones (clusters 0-6) before the distinct civilian casualty pattern, whereas Option A interrupts the geographic military clusters by placing civilians as cluster 2. The internal coherence and separation are otherwise identical.""}
```",regex_fallback,
pair_02,swapped_trial_01,swapped,left,right,A_F2_seed003,B_F2_seed003,B,right,B_F2_seed003,B,F2,claude-sonnet-4-5,2396,,,"```json
{""choice"":""B"",""confidence"":0.52,""reason"":""Option B places the small but distinct civilian-targeted cluster (n=11) earlier in the sequence (Cluster 2), which slightly improves interpretability by separating it from geographically-defined military clusters. Option A buries this meaningful categorical distinction at the end (Cluster 7). The ordering itself suggests B better recognizes actor type as a primary distinguishing feature alongside geography. However, the actual cluster compositions appear identical, so the difference is minimal.""}
```",regex_fallback,
pair_03,original_trial_01,original,right,left,B_F2_seed000,A_F2_seed000,A,right,B_F2_seed000,B,F2,claude-sonnet-4-5,2385,,,"```json
{""choice"":""A"",""confidence"":0.52,""reason"":""Both clusterings are nearly identical with the same cluster sizes and characteristics. Option A orders clusters by size (973, 205, 176, 200...) which provides slightly better interpretability by presenting the most prevalent conflict patterns first. Option B reorders middle clusters (swapping positions of Luhansk and Kharkiv) without apparent analytical benefit. The marginal advantage in presentation order favors A.""}
```",regex_fallback,
pair_03,swapped_trial_01,swapped,left,right,A_F2_seed000,B_F2_seed000,A,left,A_F2_seed000,A,F2,claude-sonnet-4-5,2373,,,"```json
{""choice"":""A"",""confidence"":0.50,""reason"":""The two clusterings are functionally identical in content and quality. Both show the same 8 clusters with identical sizes, dominant oblasts, actors, and mean fatalities. The only difference is the ordering of clusters 2-4, which is arbitrary and does not affect clustering quality. Since the clusterings are equivalent, this is essentially a coin flip.""}
```",regex_fallback,
pair_04,original_trial_01,original,right,left,B_F2_seed023,A_F2_seed023,A,right,B_F2_seed023,B,F2,claude-sonnet-4-5,2374,,,"```json
{""choice"":""A"",""confidence"":0.52,""reason"":""Both clusterings are nearly identical in structure and quality, with the same clusters just reordered. Option A presents clusters in a slightly more logical order, starting with smaller regional clusters (Zaporizhzhya) before the dominant Donetsk cluster, which may aid initial interpretation. However, the difference is minimal and primarily presentational rather than substantive.""}
```",regex_fallback,
pair_04,swapped_trial_01,swapped,left,right,A_F2_seed023,B_F2_seed023,A,left,A_F2_seed023,A,F2,claude-sonnet-4-5,2407,,,"```json
{""choice"":""A"",""confidence"":0.52,""reason"":""Both clusterings are nearly identical in structure and quality, with the same clusters present but reordered. Option A presents clusters in a slightly more logical geographic progression (Donetsk→Kherson→Kharkiv→Luhansk→unknown→Zaporizhzhya) that follows the eastern front line more coherently, while Option B's ordering is less intuitive. However, since cluster ordering doesn't affect the underlying clustering quality, this is a marginal preference based on interpretability of presentation.""}
```",regex_fallback,
pair_05,original_trial_01,original,left,right,A_F2_seed008,B_F2_seed008,B,right,B_F2_seed008,B,F2,claude-sonnet-4-5,2444,,,"```json
{""choice"":""B"",""confidence"":0.68,""reason"":""Option B shows better separation between geographic regions and event types. Cluster 0 in B cleanly separates Kherson/Mykolayiv events (southern front), while A's Cluster 6 mixes multiple disparate oblasts (Chernihiv, Odessa, Sumy) with no clear geographic or temporal coherence. B's Cluster 7 captures a distinct pattern of lower-frequency but higher-impact events in peripheral regions, whereas A distributes these less systematically. Both have identical large clusters (1,2/4,3/5) but B's remaining clusters show clearer internal logic and geographic separation.""}
```",regex_fallback,
pair_05,swapped_trial_01,swapped,right,left,B_F2_seed008,A_F2_seed008,B,left,A_F2_seed008,A,F2,claude-sonnet-4-5,2483,,,"```json
{""choice"":""B"",""confidence"":0.68,""reason"":""Option B shows better geographic separation and coherence. Cluster 6 in B captures a distinct Mykolayiv/Chernihiv/Odessa/Sumy grouping (western/northern regions with moderate fatalities), while A's Cluster 7 mixes disparate regions (Sumy, Lviv, Kyiv) with extreme fatality variance (1 to 164). Option B's Cluster 5 (unknown location, high fatalities) is more interpretable as a distinct 'unlocated high-casualty events' category compared to A's Cluster 3 which incorrectly labels it as 'Kirovohrad oblast'. Both have identical Donetsk clusters and similar regional clusters elsewhere, but B's cleaner separation of the miscellaneous/border regions and proper handling of unknown locations demonstrates",regex_fallback,
pair_06,original_trial_01,original,right,left,C_F2_seed010,A_F2_seed010,B,left,A_F2_seed010,A,F2,claude-sonnet-4-5,2410,,,"```json
{""choice"":""B"",""confidence"":0.78,""reason"":""Option B shows better cluster separation and interpretability. It isolates high-fatality unknown-location events (Cluster 5, mean=35.9) and civilian-targeted events (Cluster 7) as distinct patterns, while maintaining clean geographic separation for major oblasts. Option A's Cluster 7 (mean=3224.5 fatalities, n=2) represents extreme outliers that distort the clustering, and Cluster 3 mixes multiple oblasts incoherently. Option B's clusters are more balanced in size and show clearer thematic coherence.""}
```",regex_fallback,
pair_06,swapped_trial_01,swapped,left,right,A_F2_seed010,C_F2_seed010,B,right,C_F2_seed010,C,F2,claude-sonnet-4-5,2406,,,"```json
{""choice"":""B"",""confidence"":0.72,""reason"":""Option B shows better separation of meaningful patterns. It isolates extreme outlier events (Cluster 7 with mean 3224.5 fatalities) from regular conflict events, improving interpretability. Option A's Cluster 5 mixes high-fatality events with regular ones (mean 35.9) and Cluster 6 shows poor geographic coherence (mixing Chernihiv, Odessa, Sumy). Option B's clusters are more geographically coherent and better separated by fatality patterns, making them more useful for conflict analysis.""}
```",regex_fallback,
pair_07,original_trial_01,original,right,left,C_F2_seed006,A_F2_seed006,B,left,A_F2_seed006,A,F2,claude-sonnet-4-5,2472,,,"```json
{""choice"":""B"",""confidence"":0.72,""reason"":""Option B shows better separation of meaningful conflict patterns. It isolates high-fatality events with unknown locations (Cluster 5, mean=35.9) and creates distinct clusters for different rear-area oblasts (Mykolayiv in Cluster 6, Sumy/Kyiv in Cluster 7), enabling clearer analysis of conflict intensity and geographic patterns. Option A problematically groups these diverse patterns together (Cluster 7 mixing multiple oblasts, mean=11.2) and creates a poorly separated extreme outlier cluster (Cluster 6, n=2, mean=3224.5) and an incoherent tiny civilian cluster (Cluster 1, n=11) mixing multiple oblasts. Option B's clusters are more internally coherent and interpretable for conflict analysis.""}
```",regex_fallback,
pair_07,swapped_trial_01,swapped,left,right,A_F2_seed006,C_F2_seed006,B,right,C_F2_seed006,C,F2,claude-sonnet-4-5,2448,,,"```json
{""choice"":""B"",""confidence"":0.78,""reason"":""Option B shows better cluster separation by isolating two meaningful edge cases: Cluster 1 captures civilian-targeted events (n=11) as a distinct pattern, and Cluster 6 isolates extreme mass-casualty events (n=2, mean 3224.5 fatalities). These are interpretable, coherent categories that would be valuable for conflict analysis. Option A's Cluster 5 (unknown oblast, high fatalities) and mixed Clusters 6-7 are less coherent. Both options have similar geographic clustering for main fronts, but Option B's ability to identify substantively different event types (civilian targeting, mass casualties) demonstrates superior separation on meaningful dimensions beyond just geography.""}
```",regex_fallback,
pair_08,original_trial_01,original,left,right,A_F2_seed028,C_F2_seed028,B,right,C_F2_seed028,C,F2,claude-sonnet-4-5,2426,,,"```json
{""choice"":""B"",""confidence"":0.68,""reason"":""Option B shows better geographic separation with distinct regional clusters (Sumy/Kyiv, Mykolayiv/Dnipropetrovsk) while Option A has a less coherent Cluster 7 mixing multiple oblasts (Chernihiv, Odessa, Sumy) and Cluster 6 with only 11 events mixing different oblasts with a different dominant actor (Civilians vs Government). Option B's clusters are more internally consistent by geography, making them more interpretable for conflict-event analysis.""}
```",regex_fallback,
pair_08,swapped_trial_01,swapped,right,left,C_F2_seed028,A_F2_seed028,B,left,A_F2_seed028,A,F2,claude-sonnet-4-5,2403,,,"```json
{""choice"":""B"",""confidence"":0.68,""reason"":""Option B shows better separation with a distinct cluster (Cluster 6) capturing events against Civilians rather than Government of Ukraine, representing a meaningful categorical difference. Option A's Cluster 0 mixes multiple oblasts (Sumy, Kyiv) with lower coherence, while Option B's corresponding clusters maintain clearer geographic boundaries. The civilian-targeting cluster in B provides interpretable insight into conflict patterns that A fails to distinguish.""}
```",regex_fallback,
pair_09,original_trial_01,original,left,right,A_F2_seed005,C_F2_seed005,B,right,C_F2_seed005,C,F2,claude-sonnet-4-5,2386,,,"```json
{""choice"":""B"",""confidence"":0.78,""reason"":""Option B better isolates extreme outlier events (Cluster 5 with mean 3224.5 fatalities) from the main Donetsk cluster, improving separation and interpretability. Option A mixes these extreme outliers into Cluster 5 with unknown locations and lower mean fatalities (35.9), creating less coherent groupings. Both have similar geographic separation otherwise, but B's cleaner handling of statistical outliers makes it more analytically useful.""}
```",regex_fallback,
pair_09,swapped_trial_01,swapped,right,left,C_F2_seed005,A_F2_seed005,B,left,A_F2_seed005,A,F2,claude-sonnet-4-5,2464,,,"```json
{""choice"":""B"",""confidence"":0.78,""reason"":""Option B better separates extreme outlier events (Cluster 5 with mean 35.9 fatalities for unknown location events) from regular conflict patterns, while Option A problematically isolates only 2 extreme outliers (mean 3224.5) in Cluster 5 and mixes diverse low-intensity events across multiple oblasts into an incoherent Cluster 6 (n=261, Mykolayiv dominant but samples from Chernihiv, Poltava, unknown). Option B's Cluster 7 shows better geographic coherence for secondary front regions. Both share identical clusters for major fronts (Kherson, Kharkiv, Zaporizhzhya, Luhansk), but B's handling of heterogeneous cases demonstrates superior separation and interpretability.""}
```",regex_fallback,
pair_10,original_trial_01,original,left,right,A_F2_seed026,C_F2_seed026,A,left,A_F2_seed026,A,F2,claude-sonnet-4-5,2435,,,"```json
{""choice"":""A"",""confidence"":0.52,""reason"":""Option A places the small civilian-targeted cluster (n=11) at position 7, while the geographically mixed cluster (n=123, Mykolayiv dominant but containing Chernihiv, Odessa, Sumy) is at position 6. This ordering slightly better reflects the interpretability hierarchy: the civilian cluster is more coherent (single actor type) despite geographic spread, while cluster 6 appears to be a catch-all for lower-intensity events in multiple oblasts. However, the differences are minimal as both clusterings are substantively identical, just with clusters 6 and 7 swapped.""}
```",regex_fallback,
pair_10,swapped_trial_01,swapped,right,left,C_F2_seed026,A_F2_seed026,A,right,C_F2_seed026,C,F2,claude-sonnet-4-5,2396,,,"```json
{""choice"":""A"",""confidence"":0.52,""reason"":""Option A places the small civilian-targeted cluster (n=11) earlier in the sequence, which slightly improves interpretability by separating it from the larger geographic military clusters. However, both options are essentially identical in clustering quality - they contain the same clusters with identical compositions, coherence, and separation. The only difference is cluster numbering/ordering, which has minimal impact on analytical usefulness. Both successfully separate geographic conflict zones and identify the distinct civilian-targeting pattern.""}
```",regex_fallback,
pair_11,original_trial_01,original,right,left,C_F2_seed025,B_F2_seed025,B,left,B_F2_seed025,B,F2,claude-sonnet-4-5,2452,,,"```json
{""choice"":""B"",""confidence"":0.65,""reason"":""Option B shows better cluster separation by keeping Luhansk (cluster 3) and Zaporizhzhya (cluster 4) as distinct entities earlier in the sequence, which better reflects their geographic and strategic differences. Option A's ordering places the high-fatality unknown location cluster (cluster 4) between these two important oblasts, creating less intuitive separation. The reordering in B also results in slightly better coherence in the rear clusters (6 and 7), with cluster 6 being more tightly focused on southern oblasts and cluster 7 capturing a more diverse set of lower-intensity events across multiple regions.""}
```",regex_fallback,
pair_11,swapped_trial_01,swapped,left,right,B_F2_seed025,C_F2_seed025,B,right,C_F2_seed025,C,F2,claude-sonnet-4-5,2474,,,"```json
{""choice"":""B"",""confidence"":0.62,""reason"":""Option B shows slightly better separation in the smaller clusters. Cluster 6 in B (n=56, mean fatalities 1.9) appears more coherent with Mykolayiv/Dnipropetrovsk events, while A's Cluster 6 (n=34) mixes Mykolayiv with an Odessa outlier (11 fatalities). Cluster 7 in B (n=73) is more focused on northern oblasts, while A's Cluster 7 (n=95) includes the more distant Rivne. The larger clusters (0-5) are identical or reordered, so the distinction lies in better geographic coherence of the smaller clusters in B.""}
```",regex_fallback,
pair_12,original_trial_01,original,right,left,C_F2_seed004,B_F2_seed004,B,left,B_F2_seed004,B,F2,claude-sonnet-4-5,2448,,,"```json
{""choice"":""B"",""confidence"":0.78,""reason"":""Option B shows better separation of extreme outlier events. Cluster 6 in B isolates high-fatality events (mean=35.9) with unknown locations as a coherent category, while Cluster 7 captures lower-intensity events across secondary oblasts (mean=3.7). In contrast, Option A's Cluster 6 mixes these patterns incoherently (mean=11.2, ranging from 1 to unknown high values across diverse locations including 'nan'), and Cluster 7 contains only 2 extreme outliers (mean=3224.5), which is too small to be meaningful. Option B's structure provides clearer interpretability for conflict analysis by separating data quality issues and intensity levels more systematically.""}
```",regex_fallback,
pair_12,swapped_trial_01,swapped,left,right,B_F2_seed004,C_F2_seed004,A,left,B_F2_seed004,B,F2,claude-sonnet-4-5,2418,,,"```json
{""choice"":""A"",""confidence"":0.78,""reason"":""Option A shows better cluster separation and interpretability. Cluster 6 in A (unknown location, high fatalities) meaningfully isolates events with missing geographic data, while Cluster 7 captures lower-intensity events across multiple oblasts. Option B's Cluster 7 contains only 2 extreme outlier events (3224.5 mean fatalities) which is too small to be meaningful, and its Cluster 6 mixes the unknown-location and multi-oblast patterns together less coherently. Option A's structure better separates geographic patterns while isolating data quality issues and extreme events more interpretably.""}
```",regex_fallback,
pair_13,original_trial_01,original,left,right,B_F2_seed019,C_F2_seed019,B,right,C_F2_seed019,C,F2,claude-sonnet-4-5,2391,,,"```json
{""choice"":""B"",""confidence"":0.78,""reason"":""Option B better separates extreme outlier events (Cluster 7 with mean 3224.5 fatalities) from regular conflict events, improving interpretability. Option A dilutes these extreme cases into Cluster 3 (mean 35.9) alongside moderate events. Option B's isolation of the two massive-casualty events (3934 and 2515 fatalities) creates clearer separation between typical combat events and exceptional incidents, making the clustering more meaningful for conflict analysis.""}
```",regex_fallback,
pair_13,swapped_trial_01,swapped,right,left,C_F2_seed019,B_F2_seed019,B,left,B_F2_seed019,B,F2,claude-sonnet-4-5,2436,,,"```json
{""choice"":""B"",""confidence"":0.78,""reason"":""Option B better separates high-fatality events with unknown locations (Cluster 3, mean=35.9) and creates a more coherent regional cluster (Cluster 7, mean=3.7) from diverse oblasts. Option A's Cluster 7 contains only 2 extreme outliers (mean=3224.5) which distorts the clustering, while its Cluster 5 mixes diverse regions incoherently (mean=11.2 despite including Chernihiv, Poltava, and unknown locations). Option B's separation of unknown-location high-casualty events from known-location moderate-casualty events shows better interpretability for conflict analysis.""}
```",regex_fallback,
pair_14,original_trial_01,original,right,left,C_F2_seed002,B_F2_seed002,B,left,B_F2_seed002,B,F2,claude-sonnet-4-5,2455,,,"```json
{""choice"":""B"",""confidence"":0.68,""reason"":""Option B shows better cluster separation and coherence. Cluster 2 in B cleanly captures Kherson/Mykolayiv events (n=245), while A splits these across clusters 0 and 7 less coherently. Cluster 7 in B identifies a distinct Sumy/Chernihiv/northern region pattern (n=63), whereas A's cluster 7 mixes diverse oblasts (Mykolayiv dominant but includes Chernihiv, Odessa, Sumy). Both identify the same civilian cluster and main frontline regions, but B's geographic coherence is stronger in secondary clusters, making it more interpretable for spatial conflict analysis.""}
```",regex_fallback,
pair_14,swapped_trial_01,swapped,left,right,B_F2_seed002,C_F2_seed002,B,right,C_F2_seed002,C,F2,claude-sonnet-4-5,2412,,,"```json
{""choice"":""B"",""confidence"":0.68,""reason"":""Option B shows better separation between geographic regions. Cluster 7 in B captures southern/western oblasts (Mykolayiv, Chernihiv, Odessa, Sumy) as a distinct group, while A's Cluster 7 mixes these with central oblasts less coherently. Both handle the high-fatality unknown-location cluster and civilian-targeted events identically, but B's geographic partitioning of the remaining conflict zones is more interpretable and internally consistent.""}
```",regex_fallback,
pair_15,original_trial_01,original,left,right,B_F2_seed001,C_F2_seed001,B,right,C_F2_seed001,C,F2,claude-sonnet-4-5,2398,,,"```json
{""choice"":""B"",""confidence"":0.72,""reason"":""Option B shows better cluster separation by isolating extreme outlier events (Cluster 5 with mean 3224.5 fatalities) and distinguishing Kherson from Mykolayiv oblasts (Clusters 2 and 7), whereas Option A conflates these regions (Cluster 3 shows Kherson dominant but examples are Mykolayiv) and mixes outliers into Cluster 5. Option B's clusters are more internally coherent and geographically interpretable.""}
```",regex_fallback,
pair_15,swapped_trial_01,swapped,right,left,C_F2_seed001,B_F2_seed001,B,left,B_F2_seed001,B,F2,claude-sonnet-4-5,2444,,,"```json
{""choice"":""B"",""confidence"":0.68,""reason"":""Option B shows better separation between meaningful conflict categories. It identifies a distinct civilian-targeted cluster (Cluster 6) and separates high-casualty events more coherently (Cluster 5). Option A's Cluster 5 contains only 2 extreme outliers (mean 3224.5 fatalities), which is poor clustering practice. Option B also better separates geographic regions (Kherson/Mykolayiv combined in Cluster 3, Sumy/western regions in Cluster 7), creating more interpretable patterns for conflict analysis. While both have similar geographic clusters for main fronts, Option B's handling of outliers and identification of civilian-targeted events demonstrates superior internal coherence and analytical utility.""}
```",regex_fallback,
pair_16,original_trial_01,original,right,left,A_F2_seed009,A_F1_seed009,A,right,A_F2_seed009,A,F2,claude-sonnet-4-5,2424,,,"```json
{""choice"":""A"",""confidence"":0.50,""reason"":""The two clusterings are functionally identical - they contain the same 8 clusters with identical sizes, dominant oblasts, actors, and mean fatalities. The only difference is the arbitrary numerical ordering of clusters (e.g., Option A's Cluster 1 is Kherson while Option B's Cluster 1 is Kharkiv). Since cluster numbering is arbitrary and both represent the same underlying partition of the data, neither clustering is more meaningful than the other.""}
```",regex_fallback,
pair_16,swapped_trial_01,swapped,left,right,A_F1_seed009,A_F2_seed009,A,left,A_F1_seed009,A,F1,claude-sonnet-4-5,2385,,,"```json
{""choice"":""A"",""confidence"":0.52,""reason"":""Both clusterings are nearly identical with the same cluster sizes and characteristics. Option A orders clusters by size more consistently (Kharkiv before Kherson), which provides slightly better interpretability when scanning the results. However, the difference is minimal as both represent the same underlying geographic-based clustering structure.""}
```",regex_fallback,
pair_17,original_trial_01,original,right,left,A_F2_seed012,A_F1_seed012,B,left,A_F1_seed012,A,F1,claude-sonnet-4-5,2444,,,"```json
{""choice"":""B"",""confidence"":0.72,""reason"":""Option B shows better cluster separation and coherence. Cluster 6 in B is more geographically coherent (Sumy oblast with neighboring regions) compared to A's Cluster 6 which mixes distant oblasts (Chernihiv, Odessa, Sumy). Cluster 7 in B is more internally consistent (Mykolayiv oblast events with Government of Ukraine) versus A's Cluster 7 which mixes multiple oblasts with a different actor type (Civilians). The core clusters (0-5) are nearly identical, but B's peripheral clusters demonstrate clearer geographic and actor-based separation.""}
```",regex_fallback,
pair_17,swapped_trial_01,swapped,left,right,A_F1_seed012,A_F2_seed012,B,right,A_F2_seed012,A,F2,claude-sonnet-4-5,2427,,,"```json
{""choice"":""B"",""confidence"":0.68,""reason"":""Option B shows better cluster separation and interpretability. Cluster 7 in B identifies a distinct 'Civilians' actor pattern (different from the Government of Ukraine dominant in all other clusters), providing meaningful categorical separation. Option A's Cluster 6 mixes multiple oblasts (Poltava, Sumy, Kyiv) with lower coherence, while B's Cluster 6, though also mixed geographically, maintains slightly better internal consistency. The actor-based distinction in B adds an important analytical dimension for conflict-event analysis beyond pure geographic clustering.""}
```",regex_fallback,
pair_18,original_trial_01,original,left,right,A_F1_seed027,A_F2_seed027,B,right,A_F2_seed027,A,F2,claude-sonnet-4-5,2442,,,"```json
{""choice"":""B"",""confidence"":0.68,""reason"":""Option B shows better cluster separation and interpretability. Cluster 7 in B identifies a distinct 'Civilians' actor pattern (n=11) that is conceptually meaningful for conflict analysis, whereas Option A's Cluster 7 mixes multiple oblasts (Poltava, Sumy, Kyiv) without clear coherence. Option B's Cluster 6 also appears more geographically coherent as a 'peripheral regions' cluster. The remaining clusters are nearly identical between options, but B's ability to isolate the civilian-targeted events as a distinct pattern provides better analytical value for understanding conflict-event types.""}
```",regex_fallback,
pair_18,swapped_trial_01,swapped,right,left,A_F2_seed027,A_F1_seed027,B,left,A_F1_seed027,A,F1,claude-sonnet-4-5,2457,,,"```json
{""choice"":""B"",""confidence"":0.68,""reason"":""Option B shows better cluster separation and coherence. Cluster 6 in B is tightly focused on Mykolayiv oblast (n=23), while A's Cluster 6 (n=123) mixes multiple oblasts (Chernihiv, Odessa, Sumy) with low coherence. Similarly, B's Cluster 7 focuses on northern border regions (Sumy, Poltava, Kyiv) with similar conflict patterns, while A's Cluster 7 (n=11, targeting Civilians) is extremely small and mixes disparate oblasts. B's clustering provides more interpretable and geographically coherent categories for conflict analysis.""}
```",regex_fallback,
pair_19,original_trial_01,original,right,left,A_F2_seed017,A_F1_seed017,B,left,A_F1_seed017,A,F1,claude-sonnet-4-5,2456,,,"```json
{""choice"":""B"",""confidence"":0.68,""reason"":""Option B shows better separation between clusters. Cluster 6 in B (Sumy oblast, n=73) and Cluster 7 (Mykolayiv oblast, n=56) represent more coherent geographic groupings compared to Option A's Cluster 6 (n=11, mixed oblasts with Civilians as dominant actor - appears to be a poorly defined outlier cluster) and Cluster 7 (n=123, Mykolayiv dominant but examples span Chernihiv, Odessa, and Sumy). The small size and geographic incoherence of A's Cluster 6 suggests weaker clustering structure overall.""}
```",regex_fallback,
pair_19,swapped_trial_01,swapped,left,right,A_F1_seed017,A_F2_seed017,B,right,A_F2_seed017,A,F2,claude-sonnet-4-5,2399,,,"```json
{""choice"":""B"",""confidence"":0.68,""reason"":""Option B shows better separation by identifying a distinct cluster (Cluster 6) for events targeting Civilians rather than Government of Ukraine, which is a meaningful categorical distinction in conflict analysis. While both options similarly organize events by geographic oblast, Option B's ability to separate events by target actor type demonstrates stronger interpretability and more useful differentiation for understanding conflict patterns. The remaining clusters in both options are nearly identical in structure and coherence.""}
```",regex_fallback,
pair_20,original_trial_01,original,left,right,A_F1_seed018,A_F2_seed018,A,left,A_F1_seed018,A,F1,claude-sonnet-4-5,2448,,,"```json
{""choice"":""A"",""confidence"":0.50,""reason"":""Both clusterings are identical in content, differing only in cluster label assignment. Each has the same 8 clusters with identical sizes, dominant oblasts, actors, mean fatalities, and sample events. The clusters show good geographic separation (Donetsk, Kharkiv, Kherson, Luhansk, Zaporizhzhya, etc.) and meaningful differentiation by fatality rates (unknown location cluster with 35.9 mean vs others with 1.9-11.1). Since the clusterings are substantively equivalent, this is effectively a random choice.""}
```",regex_fallback,
pair_20,swapped_trial_01,swapped,right,left,A_F2_seed018,A_F1_seed018,A,right,A_F2_seed018,A,F2,claude-sonnet-4-5,2377,,,"```json
{""choice"":""A"",""confidence"":0.52,""reason"":""Option A orders clusters by size (largest Donetsk cluster first) which provides slightly better interpretability for conflict analysis by immediately highlighting the most active conflict zone. However, the clusterings are substantively identical with only numbering differences, so confidence is minimal.""}
```",regex_fallback,
